{
  "project_info": {
    "project_number": "854328582797",
    "project_id": "workwise-168e7",
    "storage_bucket": "workwise-168e7.appspot.com"
  },
  "client": [
    {
      "client_info": {
        "mobilesdk_app_id": "1:854328582797:android:fb4d8fea0fbac5c18b78c4",
        "android_client_info": {
          "package_name": "com.example.workwise_prototype"
        }
      },
      "oauth_client": [],
      "api_key": [
        {
          "current_key": "AIzaSyABUb6a09BMuSLrsXDgMQLM0w2NlsZdwXs"
        }
      ],
      "services": {
        "appinvite_service": {
          "other_platform_oauth_client": []
        }
      }
    }
  ],
  "configuration_version": "1"
}